"zone","mean","max","min","sd"
124,0.147114164985512,0.163000002503395,0.135000005364418,0.00650551162823759
341,0.0043491124225086,0.00499999988824129,0.00300000002607703,0.000780728998738128
342,NA,-Inf,Inf,NA
343,NA,-Inf,Inf,NA
344,NA,-Inf,Inf,NA
345,NA,-Inf,Inf,NA
346,NA,-Inf,Inf,NA
347,NA,-Inf,Inf,NA
348,NA,-Inf,Inf,NA
349,NA,-Inf,Inf,NA
350,NA,-Inf,Inf,NA
351,NA,-Inf,Inf,NA
352,NA,-Inf,Inf,NA
353,NA,-Inf,Inf,NA
354,NA,-Inf,Inf,NA
355,NA,-Inf,Inf,NA
356,NA,-Inf,Inf,NA
357,NA,-Inf,Inf,NA
358,NA,-Inf,Inf,NA
359,NA,-Inf,Inf,NA
360,NA,-Inf,Inf,NA
361,NA,-Inf,Inf,NA
362,0.0785757577554746,0.0979999974370003,0.0540000014007092,0.013479220735353
363,NA,-Inf,Inf,NA
364,NA,-Inf,Inf,NA
365,NA,-Inf,Inf,NA
366,NA,-Inf,Inf,NA
367,NA,-Inf,Inf,NA
368,NA,-Inf,Inf,NA
369,NA,-Inf,Inf,NA
370,NA,-Inf,Inf,NA
371,NA,-Inf,Inf,NA
372,NA,-Inf,Inf,NA
373,NA,-Inf,Inf,NA
374,NA,-Inf,Inf,NA
375,NA,-Inf,Inf,NA
376,NA,-Inf,Inf,NA
377,NA,-Inf,Inf,NA
378,NA,-Inf,Inf,NA
379,NA,-Inf,Inf,NA
380,NA,-Inf,Inf,NA
381,0.01455670108385,0.0509999990463257,0.00300000002607703,0.013075875538099
382,NA,-Inf,Inf,NA
383,0.00499999988824129,0.00499999988824129,0.00499999988824129,0
384,NA,-Inf,Inf,NA
385,NA,-Inf,Inf,NA
386,NA,-Inf,Inf,NA
387,NA,-Inf,Inf,NA
388,NA,-Inf,Inf,NA
398,0.112777168145884,0.165999993681908,0.0710000023245811,0.0236029709009922
399,0.0387180571207322,0.063000001013279,0.0199999995529652,0.0100795420718225
400,0.104185325026581,0.155000001192093,0.0579999983310699,0.0216790991972829
401,0.133287009673356,0.159999996423721,0.11599999666214,0.0105402167946862
402,0.0765257138754291,0.115000002086163,0.028999999165535,0.0207975520749134
403,0.0946366402746402,0.153999999165535,0.0509999990463257,0.0251661144927381
404,0.0226095416565745,0.0469999983906746,0.00800000037997961,0.0101424009702225
405,0.0701917035377565,0.103000000119209,0.046000000089407,0.0138145519045014
406,0.0313560527251837,0.0670000016689301,0.0109999999403954,0.01247953063056
407,0.146022026751207,0.194000005722046,0.101000003516674,0.0247222177994576
408,0.0933153847662302,0.108000002801418,0.0810000002384186,0.00713766585439653
409,0.187991558613265,0.218999996781349,0.155000001192093,0.015424375654628
410,0.164427103401681,0.180999994277954,0.146999999880791,0.00666406697041101
411,0.174879703156808,0.224999994039536,0.122000001370907,0.0272925936726348
412,0.129311097464551,0.157000005245209,0.0829999968409538,0.0169145900137676
413,0.0114493941770719,0.025000000372529,0.00400000018998981,0.00509833121884934
414,0.211054265931401,0.250999987125397,0.14300000667572,0.0273847460680444
415,0.158536528535993,0.229000002145767,0.112999998033047,0.0302555727501162
609,0.0637363497278248,0.0890000015497208,0.0359999984502792,0.0139377138279339
610,0.0865829919930547,0.112999998033047,0.0599999986588955,0.013499678091361
611,0.250281044373325,0.261000007390976,0.238999992609024,0.00560363760334954
612,0.120340197989978,0.168999999761581,0.0860000029206276,0.0218473774863098
613,0.202557750702991,0.24600000679493,0.170000001788139,0.0181530908747072
614,0.230928571229535,0.24600000679493,0.216999992728233,0.00651777105608288
615,0.141405660518498,0.18299999833107,0.111000001430511,0.0197231204796248
616,0.253499999642372,0.254999995231628,0.252000004053116,0.00104880955290285
617,0.235789472727399,0.243000000715256,0.228000000119209,0.00338355099631991
618,0.262873016179554,0.26800000667572,0.256000012159348,0.00270895751066546
619,0.261735848567021,0.27700001001358,0.237000003457069,0.0102682101612847
620,0.238991967047075,0.266000002622604,0.210999995470047,0.0128869121108991
654,0.0309882130923804,0.0829999968409538,0.0109999999403954,0.0154588183544439
655,0.0370317614360339,0.0540000014007092,0.0209999997168779,0.0076201961905416
656,0.00586334098671623,0.0120000001043081,0.0020000000949949,0.00246656053696351
657,0.00132129703814904,0.00300000002607703,0,0.000661068010851294
658,0.0124658228570147,0.0189999993890524,0.00899999961256981,0.0021173017478104
659,0.00600000004690133,0.0120000001043081,0.0020000000949949,0.0024748604368426
660,0.0205116068888935,0.063000001013279,0.00899999961256981,0.008220189445085
661,0.0612754718453254,0.0750000029802322,0.0520000010728836,0.00503882301571549
662,0.00709708747499197,0.00899999961256981,0.00499999988824129,0.00109825669960385
663,0.00361301865860372,0.00700000021606684,0.0020000000949949,0.00114003195662577
743,0.11093913031661,0.118000000715256,0.101000003516674,0.00431701437131343
744,0.114278481353687,0.126000002026558,0.105999998748302,0.00571981875778301
745,0.107508670689398,0.116999998688698,0.0979999974370003,0.00392756875250044
746,0.130920528674757,0.135000005364418,0.127000004053116,0.00189569130175002
747,0.146588235216982,0.150000005960464,0.14300000667572,0.00229289501858437
748,0.164700000286102,0.170000001788139,0.158000007271767,0.00277929551821872
749,0.153567162912283,0.158000007271767,0.150000005960464,0.00185230596004341
750,0.113642857010875,0.118000000715256,0.108999997377396,0.00257069309432977
751,0.131423076758018,0.137999996542931,0.127000004053116,0.00283087479198951
752,0.134749999735504,0.138999998569489,0.129999995231628,0.00267605844943508
753,0.123708334518597,0.128000006079674,0.118000000715256,0.00257484562441375
754,0.141999999747465,0.150999993085861,0.123000003397465,0.00770047377752878
755,0.069902439306422,0.0769999995827675,0.061999998986721,0.00344822326750317
756,0.142689656080871,0.149000003933907,0.137999996542931,0.00274628827253953
757,0.130450000613928,0.136999994516373,0.123000003397465,0.00460520251345865
758,0.157574468470634,0.163000002503395,0.151999995112419,0.00289485793101215
759,0.118552631453464,0.122000001370907,0.112999998033047,0.00235610052101544
760,0.148575341456557,0.152999997138977,0.14300000667572,0.00266102411415618
761,0.133944447669718,0.136000007390976,0.130999997258186,0.00139209064047842
762,0.0685937503585592,0.0790000036358833,0.0590000003576279,0.00584674946665529
763,0.0974972678419671,0.10700000077486,0.0869999974966049,0.00504798305793283
764,0.124773586555472,0.128000006079674,0.120999999344349,0.00186714116103948
765,0.101189349265494,0.112999998033047,0.0939999967813492,0.00445342371125116
766,0.129785714050134,0.137999996542931,0.126000002026558,0.00289267852138179
767,0.097316981317862,0.10700000077486,0.0879999995231628,0.0044718705822051
768,0.153275862849992,0.158000007271767,0.148000001907349,0.00265782671790858
769,0.1509999997086,0.158000007271767,0.143999993801117,0.00356262730102245
770,0.109120370337257,0.122000001370907,0.100000001490116,0.00531567506633885
771,0.12840555479957,0.133000001311302,0.119000002741814,0.00377982996003669
772,0.104553459341046,0.112999998033047,0.0930000022053719,0.00498052912060951
773,0.120675127177977,0.130999997258186,0.112000003457069,0.00493695370582598
774,0.154179486708763,0.159999996423721,0.148000001907349,0.00304243580352908
775,0.116246753279523,0.125,0.103000000119209,0.00435137907639387
776,0.112617021386928,0.119000002741814,0.105999998748302,0.0029369953413776
777,0.135666667963519,0.140000000596046,0.130999997258186,0.00280252798563542
778,0.0816857144236565,0.0879999995231628,0.0759999975562096,0.00327891129632588
779,0.137767124870052,0.144999995827675,0.13400000333786,0.00269526542298202
780,0.0949999988079071,0.0949999988079071,0.0949999988079071,0
781,0.119041666595472,0.122000001370907,0.11599999666214,0.00145773791645938
782,0.123627451851087,0.128000006079674,0.119999997317791,0.00209157573917226
783,0.111679738740516,0.119999997317791,0.104999996721745,0.00345583689442899
784,0.0794461542597184,0.0900000035762787,0.0710000023245811,0.00518118842431489
785,0.139736842168005,0.142000004649162,0.137999996542931,0.00124016850857145
786,0.130102939684601,0.13400000333786,0.127000004053116,0.00177158023492525
787,0.108975000120699,0.112999998033047,0.104999996721745,0.00210600524706461
788,0.136897960183572,0.141000002622604,0.131999999284744,0.00274806588689515
789,0.130061223190658,0.13400000333786,0.127000004053116,0.00183039296220436
790,0.109237500000745,0.116999998688698,0.0989999994635582,0.00498108038935667
815,0.0819679234859351,0.112000003457069,0.0579999983310699,0.0135494571349753
816,0.130812577656303,0.185000002384186,0.0900000035762787,0.0193157638129979
817,0.0545119468583822,0.116999998688698,0.0179999992251396,0.0234224491661549
818,0.0613616629025296,0.0710000023245811,0.0480000004172325,0.00636223709251999
819,0.110051470746075,0.150000005960464,0.0799999982118607,0.0143697778638457
820,0.0645227490874221,0.0850000008940697,0.0509999990463257,0.00670431544561856
821,0.0955626538220143,0.10700000077486,0.0759999975562096,0.00662047073986596
822,0.107584992557718,0.131999999284744,0.0839999988675117,0.0103289851876864
823,0.0994568347157039,0.129999995231628,0.0520000010728836,0.0173649127402087
824,0.0735136990193022,0.0979999974370003,0.063000001013279,0.00741728314542184
838,0.0020000000949949,0.0020000000949949,0.0020000000949949,0
839,0,0,0,0
841,0,0,0,0
844,0.0020000000949949,0.0020000000949949,0.0020000000949949,0
846,0.0020000000949949,0.0020000000949949,0.0020000000949949,0
847,0,0,0,NA
848,0.00087500004156027,0.00100000004749745,0,0.000334218698266131
849,0,0,0,0
850,0,0,0,0
851,0,0,0,0
852,0.12351388980945,0.127000004053116,0.119999997317791,0.00179978968116247
853,0.0956359050346091,0.129999995231628,0.0740000009536743,0.0144985949021451
854,0.0671195932604733,0.0759999975562096,0.0570000000298023,0.00379620298885218
855,0.112371590990347,0.137999996542931,0.0939999967813492,0.00936693524402037
856,0.11001135260308,0.150999993085861,0.0750000029802322,0.0153667217207299
857,0.0560505837975154,0.0640000030398369,0.0489999987185001,0.00348037673505044
858,0.0363534883184488,0.0399999991059303,0.0320000015199184,0.0020416325611236
859,0.0376884423287242,0.0520000010728836,0.0299999993294477,0.00435104552667829
860,0.0894757351747988,0.111000001430511,0.0689999982714653,0.0105108712546799
861,0.0680344830114587,0.0790000036358833,0.0579999983310699,0.0044874144393533
862,0.050613081283791,0.063000001013279,0.0410000011324883,0.00525283619492272
863,0.0440845639688657,0.0520000010728836,0.0379999987781048,0.00297373134339443
864,0.0713579449400512,0.0930000022053719,0.0549999997019768,0.00907045303746103
865,0.0569358461184701,0.0780000016093254,0.0450000017881393,0.00644790715740356
866,0.0531556003550249,0.0590000003576279,0.0439999997615814,0.00362021741498074
867,0.027198167325756,0.0329999998211861,0.0209999997168779,0.00308010719697429
868,0.151268677043282,0.188999995589256,0.112999998033047,0.0167392347421765
870,0.162553981745225,0.200000002980232,0.133000001311302,0.0150044214219925
873,0.102186405933419,0.141000002622604,0.0799999982118607,0.0131722759514409
875,0.0690088838925065,0.0729999989271164,0.0649999976158142,0.00187707890412803
876,0.0616172250609791,0.0649999976158142,0.0599999986588955,0.00132740601885284
881,0.130175742807125,0.184000000357628,0.096000000834465,0.0198529738295811
967,0.113549999892712,0.11599999666214,0.112000003457069,0.00105006213136013
968,0.122909092090347,0.123999997973442,0.122000001370907,0.000831208165566892
969,0.122404256399642,0.123999997973442,0.119999997317791,0.00101423749766929
970,0.180307167153106,0.218999996781349,0.135000005364418,0.0197077235446642
971,0.0720167948226239,0.125,0.0450000017881393,0.0166712647820689
972,0.0618313045670157,0.0939999967813492,0.0379999987781048,0.0138910116228171
973,0.117146264116127,0.146999999880791,0.0970000028610229,0.0114133782255315
974,0.151110324216818,0.180000007152557,0.122000001370907,0.0134112327454827
975,0.0371148173247462,0.0719999969005585,0.0240000002086163,0.00990874133332082
976,0.12560598522499,0.186000004410744,0.100000001490116,0.0162180759987108
977,0.131781368015367,0.187999993562698,0.0820000022649765,0.0249177443142343
978,0.222658150505338,0.312000006437302,0.165999993681908,0.0309169842344897
979,0.0375988158072689,0.0640000030398369,0.0219999998807907,0.00968991871674991
1040,0.0781541355990602,0.105999998748302,0.0489999987185001,0.0126056529082879
1041,0.122710735575994,0.13400000333786,0.111000001430511,0.00545363266675824
1048,0.127018937412875,0.136000007390976,0.11599999666214,0.00414610223771116
1051,0.132232506464441,0.136999994516373,0.125,0.00237886776154646
1053,0.13645202463624,0.146999999880791,0.122000001370907,0.00593016143300412
1057,0.100416268173017,0.108999997377396,0.0949999988079071,0.00373830508381324
1066,0.163940946077274,0.248999997973442,0.0740000009536743,0.0433379192354416
1067,0.215551386990203,0.303000003099442,0.118000000715256,0.0451243998401745
1068,0.0643498263637406,0.116999998688698,0.0359999984502792,0.0138471577374876
1069,0.134884122195351,0.181999996304512,0.0939999967813492,0.0198004833862352
1070,0.100443246775068,0.141000002622604,0.0769999995827675,0.0141886336720327
1071,0.127441508136054,0.177000001072884,0.0729999989271164,0.0243831853594713
1072,0.262523808827003,0.317999988794327,0.221000000834465,0.0233796445768092
1073,0.0741278603441091,0.0939999967813492,0.0590000003576279,0.00672413583413904
1074,0.0709383588850033,0.143999993801117,0.0430000014603138,0.0198003010879505
1075,0.0889543744315033,0.145999997854233,0.0659999996423721,0.0143298942010552
1076,0.0605677794449397,0.0729999989271164,0.046000000089407,0.00556909567475891
1080,0.143230769496698,0.146999999880791,0.140000000596046,0.00200639751257333
1082,0.146235160189404,0.164000004529953,0.122000001370907,0.010295716615091
1086,0.123825000505894,0.13400000333786,0.118000000715256,0.00394832104495732
1089,0.115167701929252,0.122000001370907,0.104999996721745,0.0041536668946302
1093,0.00600980397532968,0.00700000021606684,0.00499999988824129,0.000433614811773239
1094,0.00545866665864984,0.00700000021606684,0.00400000018998981,0.000660394784617083
1095,0.00691666686907411,0.00700000021606684,0.00600000005215406,0.00028030600123642
1096,0.00961137420422799,0.0120000001043081,0.00800000037997961,0.000900086504225596
1097,0.00786084156712475,0.00999999977648258,0.00600000005215406,0.00086229851218803
1158,0.0151666665139298,0.0160000007599592,0.0149999996647239,0.000389249898400542
1159,NA,-Inf,Inf,NA
1160,NA,-Inf,Inf,NA
1161,NA,-Inf,Inf,NA
1162,NA,-Inf,Inf,NA
1163,NA,-Inf,Inf,NA
1164,NA,-Inf,Inf,NA
1165,NA,-Inf,Inf,NA
1166,NA,-Inf,Inf,NA
1167,NA,-Inf,Inf,NA
1168,NA,-Inf,Inf,NA
1169,NA,-Inf,Inf,NA
1170,NA,-Inf,Inf,NA
1171,NA,-Inf,Inf,NA
1172,NA,-Inf,Inf,NA
1173,0.0248571432062558,0.025000000372529,0.0240000002086163,0.000377964534962432
1174,NA,-Inf,Inf,NA
1175,NA,-Inf,Inf,NA
1176,NA,-Inf,Inf,NA
1177,NA,-Inf,Inf,NA
1178,NA,-Inf,Inf,NA
1179,NA,-Inf,Inf,NA
1180,NA,-Inf,Inf,NA
1181,NA,-Inf,Inf,NA
1182,NA,-Inf,Inf,NA
1183,NA,-Inf,Inf,NA
1198,0.0439999997615814,0.0439999997615814,0.0439999997615814,NA
1199,0.0792592601091773,0.0820000022649765,0.0769999995827675,0.00158338953396689
1200,0.0788888895795459,0.0810000002384186,0.0759999975562096,0.00135731096979174
1201,0.0914619293839193,0.0979999974370003,0.0860000029206276,0.00267964164708786
1202,0.097831080994896,0.100000001490116,0.0939999967813492,0.00163876743323441
1203,0.0888100892128506,0.0970000028610229,0.0810000002384186,0.00333713119540391
1204,0.0921712331984141,0.0979999974370003,0.0869999974966049,0.00278399804483357
1205,0.0277773439593147,0.0329999998211861,0.0199999995529652,0.00332666513917505
1206,0.0414200001955032,0.0469999983906746,0.0390000008046627,0.00178531437044252
1207,0.0249673204784624,0.0299999993294477,0.0189999993890524,0.00266487351591927
1208,0.0199295500030927,0.0370000004768372,0.00999999977648258,0.00761814733460977
1209,0.0286960844390414,0.0320000015199184,0.0189999993890524,0.00264438574548031
1210,0.03015686213678,0.0320000015199184,0.028999999165535,0.000809260349209352
1211,0.0310854861457794,0.0379999987781048,0.0209999997168779,0.00352966484391732
1227,0.00100000004749745,0.00100000004749745,0.00100000004749745,0
1228,0.00812062600409335,0.0320000015199184,0.00100000004749745,0.00635975887642054
1229,0.00506498930294157,0.0219999998807907,0.00100000004749745,0.00384257590686218
1230,0.00673881862587629,0.0160000007599592,0.00300000002607703,0.00227465420915477
1231,0.00300000002607703,0.00300000002607703,0.00300000002607703,0
1232,0.0266343284518787,0.0390000008046627,0.0160000007599592,0.00472529518785201
1233,0.00300000002607703,0.00300000002607703,0.00300000002607703,0
1234,0.135493335922559,0.138999998569489,0.131999999284744,0.00149207928039979
1235,0.147869564916777,0.150999993085861,0.144999995827675,0.00191416659394463
1236,0.0121123489997942,0.0309999994933605,0.00100000004749745,0.00761882457198939
1237,0.0145746112028751,0.0270000007003546,0.00499999988824129,0.00538764373877979
1238,NA,-Inf,Inf,NA
1241,0.126952940883005,0.133000001311302,0.119999997317791,0.00305726622555557
1261,0.135411765061173,0.141000002622604,0.129999995231628,0.00316970963252533
1275,0.0825563992440313,0.0879999995231628,0.0759999975562096,0.0027516783740301
1276,0.100866327376445,0.141000002622604,0.0700000002980232,0.0168608377836362
1277,0.0828843714794785,0.0879999995231628,0.0769999995827675,0.00267075321511745
1278,0.0907911112987333,0.114000000059605,0.0769999995827675,0.00767435674886744
1279,0.094284895002614,0.11599999666214,0.0769999995827675,0.00906473799885409
1280,0.0717556319171225,0.0879999995231628,0.0439999997615814,0.0119856819166154
1281,0.0897492693181624,0.108000002801418,0.0740000009536743,0.00722108778960446
1282,0.0750341727833846,0.0839999988675117,0.0689999982714653,0.00319437823957101
1283,0.0825685486605194,0.101000003516674,0.0610000006854534,0.00824795287453866
1285,0.0957777775410149,0.100000001490116,0.0920000001788139,0.00193403266448033
1286,0.092999999721845,0.0939999967813492,0.0920000001788139,0.000999998301269937
1287,0.0890285719718252,0.0930000022053719,0.0839999988675117,0.00245523124460746
1288,0.0947235771795598,0.100000001490116,0.0900000035762787,0.00252301127109974
1289,0.0936021497172694,0.096000000834465,0.090999998152256,0.00105438717114665
1290,0.0852111107773251,0.0920000001788139,0.0790000036358833,0.00251956178484296
1324,0.165347186272795,0.184000000357628,0.145999997854233,0.00839719018400634
1325,0.157648177481932,0.189999997615814,0.141000002622604,0.0110341985955792
1326,0.16205286349494,0.187999993562698,0.141000002622604,0.0108223394005253
1327,0.18945280907864,0.211999997496605,0.167999997735023,0.00929243186890501
1328,0.206964497206479,0.215000003576279,0.187999993562698,0.00846343282598367
1329,0.135260620987552,0.166999995708466,0.096000000834465,0.0147627977206846
1330,0.0995920398898089,0.115000002086163,0.0820000022649765,0.00734661865203719
1331,0.112717002471888,0.128000006079674,0.0970000028610229,0.00804782760661583
1332,0.189481404971732,0.218999996781349,0.155000001192093,0.0185293212730645
1333,0.135510898574394,0.150999993085861,0.111000001430511,0.00801757534758238
1335,NA,-Inf,Inf,NA
1344,0.132649123407247,0.135000005364418,0.130999997258186,0.000940557721245973
1360,0.0619600000977516,0.0700000002980232,0.0570000000298023,0.00337243798031034
1361,0.120670588402187,0.128000006079674,0.112000003457069,0.00415012451785538
1362,0.126120370778221,0.13400000333786,0.118000000715256,0.00372091137126681
1363,0.131000000260659,0.142000004649162,0.122000001370907,0.00582575228729287
1364,0.116711009157087,0.123999997973442,0.108999997377396,0.00360286212647013
1365,0.137393617408073,0.141000002622604,0.13400000333786,0.00195771292659386
1366,0.100632653248553,0.108999997377396,0.0949999988079071,0.00361532544129186
1367,0.147257576724797,0.151999995112419,0.137999996542931,0.00277288223714757
1368,0.162115879836512,0.178000003099442,0.136999994516373,0.0115048472760001
1369,0.143056605503244,0.146999999880791,0.141000002622604,0.00156174039889139
1370,0.124000001284811,0.128000006079674,0.118000000715256,0.00285679854471111
1371,0.0925076924837553,0.104000002145767,0.0799999982118607,0.0057224186435292
1372,0.102121951013077,0.108999997377396,0.0939999967813492,0.00386131505484118
1373,0.11003252049166,0.125,0.096000000834465,0.00858564043783984
1374,0.0956486485422536,0.100000001490116,0.0890000015497208,0.00256562401758905
1375,0.087754412115935,0.0949999988079071,0.0780000016093254,0.00352395282580931
1376,0.0783649026766461,0.0890000015497208,0.068000003695488,0.00506306531018959
1377,0.0971998053350528,0.104999996721745,0.0890000015497208,0.00248251609536107
1378,0.107400000122962,0.118000000715256,0.0989999994635582,0.00462260289722414
1385,0.0720036235516486,0.0820000022649765,0.063000001013279,0.00498980650020723
1386,0.0575897434774118,0.0610000006854534,0.0540000014007092,0.0018455908554504
1387,0.0461710526754982,0.0579999983310699,0.0399999991059303,0.00453839354036837
1388,0.0610085471700399,0.0710000023245811,0.0520000010728836,0.00405645957741787
1389,0.0770164321530873,0.0860000029206276,0.0659999996423721,0.00487077354094884
1390,0.0693858271743369,0.0790000036358833,0.0610000006854534,0.00445539521955985
1391,0.0596434108393137,0.0649999976158142,0.0509999990463257,0.00307915999435027
1392,0.0592499990016222,0.0599999986588955,0.0579999983310699,0.000957427102568859
1393,0.0560411767047994,0.0659999996423721,0.0489999987185001,0.00446333636881109
1803,0.00300000002607703,0.00300000002607703,0.00300000002607703,0
1804,0.00587500003166497,0.00600000005215406,0.00499999988824129,0.00035355344854519
1805,0.00376923084975435,0.00499999988824129,0.00300000002607703,0.000725011039170485
1806,0.0020000000949949,0.0020000000949949,0.0020000000949949,0
1807,0.0020000000949949,0.0020000000949949,0.0020000000949949,0
1808,0.00116666672208036,0.0020000000949949,0.00100000004749745,0.000389249490569119
1809,0.00590909094634381,0.00600000005215406,0.00499999988824129,0.000301511393999324
1810,0.00271428576005357,0.00300000002607703,0.0020000000949949,0.000487950002845789
1811,0.00140000006649643,0.0020000000949949,0.00100000004749745,0.000516397804021901
1812,0.00400000018998981,0.00400000018998981,0.00400000018998981,NA
1814,0.0514400000870228,0.0590000003576279,0.046000000089407,0.0030494909901778
1815,0.082613065567373,0.10700000077486,0.0610000006854534,0.0109567975702612
1816,0.0744372095739426,0.096000000834465,0.0540000014007092,0.00929694093623768
1817,0.0613839543800812,0.0839999988675117,0.0489999987185001,0.0085326537865576
1818,0.0544210526798117,0.0670000016689301,0.0439999997615814,0.00635844821049606
1819,0.0794492757129126,0.0939999967813492,0.0640000030398369,0.00667215472946402
1820,0.0506551723242149,0.0579999983310699,0.046000000089407,0.00276153454291444
1821,0.0951102042228592,0.109999999403954,0.0759999975562096,0.0078578954578491
1822,0.0598730160485184,0.0740000009536743,0.0469999983906746,0.00771490430359678
1823,0.0537450981563797,0.061999998986721,0.0469999983906746,0.00350864932869508
1824,0.0539651163095652,0.061999998986721,0.046000000089407,0.00427701838498764
1825,0.101198594211904,0.142000004649162,0.0649999976158142,0.01843873367859
1826,0.0608816328097363,0.0769999995827675,0.0480000004172325,0.00772147515612215
1827,0.0654379312205931,0.0759999975562096,0.0549999997019768,0.0048383498992451
1828,0.0562938496741999,0.0729999989271164,0.046000000089407,0.00619859577203496
1829,NA,-Inf,Inf,NA
1830,NA,-Inf,Inf,NA
1831,NA,-Inf,Inf,NA
1832,NA,-Inf,Inf,NA
1833,NA,-Inf,Inf,NA
1834,NA,-Inf,Inf,NA
1835,0.103439814238637,0.105999998748302,0.101999998092651,0.00120699031718821
1836,NA,-Inf,Inf,NA
1837,NA,-Inf,Inf,NA
1838,NA,-Inf,Inf,NA
1839,NA,-Inf,Inf,NA
1840,NA,-Inf,Inf,NA
1841,NA,-Inf,Inf,NA
1842,NA,-Inf,Inf,NA
1843,NA,-Inf,Inf,NA
1844,0.112540540904612,0.123000003397465,0.0989999994635582,0.00532526074492328
1845,NA,-Inf,Inf,NA
1846,NA,-Inf,Inf,NA
1847,NA,-Inf,Inf,NA
1848,NA,-Inf,Inf,NA
1849,NA,-Inf,Inf,NA
1850,NA,-Inf,Inf,NA
1851,NA,-Inf,Inf,NA
1852,NA,-Inf,Inf,NA
1853,NA,-Inf,Inf,NA
1888,0.163262267536092,0.166999995708466,0.158999994397163,0.00181191044143268
1889,0.157789153097421,0.168999999761581,0.137999996542931,0.00614004608496211
1890,0.161886978116463,0.170000001788139,0.150999993085861,0.00515268992845867
1926,0.145153846878272,0.150000005960464,0.140000000596046,0.00296777596730868
1927,0.0054152493934484,0.0130000002682209,0.00300000002607703,0.00195732854590554
1928,0.0999308647709709,0.127000004053116,0.0740000009536743,0.0095522496707143
1929,0.00403868106718787,0.00600000005215406,0.00300000002607703,0.000679225997235805
1930,0.103401189606913,0.150000005960464,0.0549999997019768,0.0215674301281944
1931,0.0383999494313458,0.068000003695488,0.0149999996647239,0.0126029128666379
1932,0.077479796461976,0.118000000715256,0.0430000014603138,0.0162607723892089
1933,0.106794811389848,0.123000003397465,0.0799999982118607,0.00857559896771396
1934,0.0108806281582227,0.046000000089407,0.00400000018998981,0.00664593863570236
2004,0.017811393705859,0.0399999991059303,0.00700000021606684,0.00675461552497318
2005,0.0670022872697803,0.0869999974966049,0.0410000011324883,0.00982716754316253
2006,0.0623719927743951,0.0839999988675117,0.0410000011324883,0.0102659899725917
2007,0.0133003663847061,0.0219999998807907,0.00899999961256981,0.00261697253031384
2008,0.0807578478270226,0.0920000001788139,0.0689999982714653,0.00463887038898381
2009,0.0863359226763827,0.0930000022053719,0.0759999975562096,0.00435507802275328
2010,0.0319672470939699,0.0750000029802322,0.00800000037997961,0.0158386725866324
2011,0.0609909947984442,0.0820000022649765,0.0439999997615814,0.00973022280646072
2012,0.0216989728225734,0.034000001847744,0.0120000001043081,0.00517431219940432
2013,0.0421604939081051,0.0480000004172325,0.0370000004768372,0.00302678386283278
2014,0.0363873180569387,0.0599999986588955,0.0199999995529652,0.0085998306476079
2015,0.00774862485264844,0.0160000007599592,0.00400000018998981,0.00257047483112639
2016,0.0511626041772267,0.0970000028610229,0.0280000008642673,0.0140655623054462
2027,0.110176470788086,0.112000003457069,0.108000002801418,0.00107443679045266
2105,NA,-Inf,Inf,NA
2106,NA,-Inf,Inf,NA
2107,NA,-Inf,Inf,NA
2108,NA,-Inf,Inf,NA
2109,NA,-Inf,Inf,NA
2110,NA,-Inf,Inf,NA
2111,NA,-Inf,Inf,NA
2112,0.184558052348383,0.202999994158745,0.151999995112419,0.0110567646547623
2113,0.143630428472715,0.153999999165535,0.122000001370907,0.00803924698108206
2114,0.148845400519926,0.152999997138977,0.130999997258186,0.00471507119413626
2115,0.138508293022954,0.150000005960464,0.126000002026558,0.00530986939065075
2116,0.132168896309408,0.155000001192093,0.0769999995827675,0.0204919387585575
2117,0.148166666428248,0.155000001192093,0.136999994516373,0.0063547116154142
2118,0.175011631202799,0.181999996304512,0.166999995708466,0.00324422376646369
2119,0.179988731497055,0.196999996900558,0.166999995708466,0.00707639377453635
2120,0.148008313419346,0.157000005245209,0.136999994516373,0.00408506805626026
2121,0.150004911266004,0.166999995708466,0.129999995231628,0.00744047032609246
2122,0.16630902571682,0.175999999046326,0.152999997138977,0.00580717881765903
2137,0.0392636747411642,0.0549999997019768,0.0260000005364418,0.00651429164287056
2138,0.00138358307360542,0.00300000002607703,0,0.000832447001993681
2139,0.000372538602048013,0.00100000004749745,0,0.000483523613505277
2140,0,0,0,0
2141,0.0548237517477645,0.115000002086163,0.0240000002086163,0.0204858082159559
2142,0.00144800006027023,0.00400000018998981,0,0.000728912014005643
2143,0.0040041951463766,0.00899999961256981,0.00100000004749745,0.00168984521537462
2144,0.0229925374125144,0.0370000004768372,0.0140000004321337,0.00603850116980571
2145,0.00559345257667674,0.0160000007599592,0.00100000004749745,0.00359352307259087
2146,0.00829590291875854,0.0149999996647239,0.00400000018998981,0.00220935364198349
2147,0.0105720930819421,0.0149999996647239,0.00600000005215406,0.0022466058998821
2148,0.0168776150956501,0.0329999998211861,0.00800000037997961,0.00542796229026944
2149,0.0130389462306128,0.0410000011324883,0.0020000000949949,0.0093468791864725
2202,0.0465956621489938,0.116999998688698,0.00400000018998981,0.0302838727751645
2203,0.0641870933302546,0.0839999988675117,0.0500000007450581,0.00707917687269271
2204,0.0250466185819433,0.0529999993741512,0.0120000001043081,0.00838651109096625
2205,0.0344364787493653,0.0540000014007092,0.0189999993890524,0.00839544141899391
2206,0.0182499994213382,0.0189999993890524,0.017000000923872,0.000621581321868099
2207,0.0120720511699918,0.0309999994933605,0.00499999988824129,0.00580396525018031
2208,0.0143097083622534,0.0450000017881393,0.00499999988824129,0.00730663048677304
2209,0.0458976679529613,0.0689999982714653,0.0219999998807907,0.00911835842702181
2211,0.0753791306783324,0.0979999974370003,0.0520000010728836,0.0116928014795811
2212,0.0674406249308959,0.0759999975562096,0.0649999976158142,0.00245388359471801
2213,0.111632287268414,0.12899999320507,0.0949999988079071,0.00843839574586131
2215,0.110078755946131,0.138999998569489,0.0860000029206276,0.0113475390080802
2216,0.0652392534791951,0.0850000008940697,0.0540000014007092,0.0046444624098837
2217,0.075749740770487,0.096000000834465,0.063000001013279,0.00845328881948533
2218,0.137557668151058,0.19200000166893,0.100000001490116,0.021093537928626
2219,0.1658600868734,0.202000007033348,0.130999997258186,0.018254056568269
2221,0.148856727526202,0.152999997138977,0.144999995827675,0.00119134151769244
2222,0.0885461541609122,0.104999996721745,0.0750000029802322,0.00678700962052963
2223,0.0818249553348367,0.112999998033047,0.061999998986721,0.0123543395755934
2224,0.134182416732792,0.174999997019768,0.0900000035762787,0.022030864538783
2225,0.0962560243575449,0.148000001907349,0.0689999982714653,0.0162034710954612
2226,0.0695324115963876,0.105999998748302,0.0480000004172325,0.0140266686963968
2227,0.058728514710949,0.10700000077486,0.025000000372529,0.0188899146419237
2228,0.145841079678895,0.170000001788139,0.11599999666214,0.0129839853245652
2229,0.149562304434772,0.180999994277954,0.108000002801418,0.0158873511223798
2230,0.267887179438884,0.287999987602234,0.233999997377396,0.0122771933274275
2231,0.119403396080961,0.151999995112419,0.0700000002980232,0.0211924469359852
2232,0.271678763371642,0.312999993562698,0.218999996781349,0.0237881583151757
2234,0.204889671273634,0.241999998688698,0.177000001072884,0.0155511914849545
2235,0.20103565876105,0.28999999165535,0.143999993801117,0.0326209433646324
2239,0.104285130339595,0.12899999320507,0.0869999974966049,0.00766115574340956
2240,0.070787681126728,0.0879999995231628,0.061999998986721,0.00556174040951799
2620,0.0729999989271164,0.0729999989271164,0.0729999989271164,0
2621,0.0624878053984991,0.0640000030398369,0.0610000006854534,0.000897830254242193
2636,0.156379311249174,0.165000006556511,0.136000007390976,0.0085832634512309
2644,0.14352905208,0.162000000476837,0.123999997973442,0.00854929304962538
2645,0.0718269797910518,0.0829999968409538,0.0579999983310699,0.00633821083158294
2654,0.070456953894421,0.0890000015497208,0.0529999993741512,0.00814485491660783
2655,0.0638825303212885,0.0869999974966049,0.0399999991059303,0.0116574602864147
2656,0.0472758975166541,0.061999998986721,0.0329999998211861,0.00632721564971946
2657,0.0390714285895228,0.0410000011324883,0.0379999987781048,0.000857584031311525
2688,0.00530066225270661,0.00700000021606684,0.00400000018998981,0.000748782993759633
2689,0.00700000019526807,0.00899999961256981,0.00600000005215406,0.000766647542085583
2690,0.00990737877802261,0.0140000004321337,0.00800000037997961,0.00147495181949047
2691,0.0109704457180098,0.0160000007599592,0.00800000037997961,0.00194584933698201
2692,0.0109999999403954,0.0109999999403954,0.0109999999403954,0
2693,0.00650413236619274,0.00800000037997961,0.00600000005215406,0.000585846631849379
2694,0.0116407951191103,0.0209999997168779,0.00700000021606684,0.00332021779947007
2695,0.00711478499250622,0.00899999961256981,0.00600000005215406,0.000776077958653103
2696,0.0302909337879773,0.0560000017285347,0.0179999992251396,0.00823184330580951
2697,0.0130281457793128,0.0189999993890524,0.00899999961256981,0.00269508809422134
2698,0.0183268792329012,0.0240000002086163,0.0149999996647239,0.00211396632587819
2699,0.00889690713114175,0.0109999999403954,0.00800000037997961,0.000790367270729892
2700,0.00647431272034858,0.00700000021606684,0.00600000005215406,0.000499430156585553
2701,0.00708943739340985,0.00800000037997961,0.00600000005215406,0.000413530196718626
2702,0.0086336710877914,0.0109999999403954,0.00700000021606684,0.00100285161291842
2703,0.00703781060601162,0.00800000037997961,0.00600000005215406,0.0006069738315416
2704,0.00585265107609047,0.00700000021606684,0.00499999988824129,0.000531420959321713
2705,0.00558995506816964,0.00800000037997961,0.00400000018998981,0.00110943092050719
2730,NA,-Inf,Inf,NA
2745,0.11151261998582,0.143999993801117,0.0780000016093254,0.0179226239892856
2746,0.0902371543124613,0.105999998748302,0.0710000023245811,0.00939184262138175
2747,0.103047811177297,0.135000005364418,0.0780000016093254,0.0140170961006074
2748,0.0851531055830796,0.0949999988079071,0.0670000016689301,0.00660761324271601
2749,0.0181974487382293,0.0419999994337559,0.00700000021606684,0.00879756642562798
2750,0.061572976393573,0.0989999994635582,0.0240000002086163,0.0184027870227161
2751,0.0551794423951907,0.0920000001788139,0.025000000372529,0.014949279418362
2753,0.0857374883477591,0.112999998033047,0.0560000017285347,0.0123784457081446
2754,0.148511789511791,0.174999997019768,0.133000001311302,0.0089638138552942
2755,0.0605375956185193,0.127000004053116,0.0199999995529652,0.0218550738728883
2757,0.160226445765639,0.270999997854233,0.0700000002980232,0.0505638025475113
2761,0.0352951521815258,0.0799999982118607,0.0160000007599592,0.014686126938208
2762,0.0799153687554264,0.156000003218651,0.0130000002682209,0.0438502600032039
2764,0.209277608618027,0.291999995708466,0.140000000596046,0.0341267010779114
2765,0.118509550731671,0.144999995827675,0.0970000028610229,0.0115261720574402
2766,0.141376030278088,0.195999994874001,0.10700000077486,0.0219991889379166
2768,0.100500000278317,0.11599999666214,0.0820000022649765,0.00804191544275566
2769,0.224511627647229,0.284999996423721,0.187000006437302,0.0224099123502287
2770,0.118938102637796,0.143999993801117,0.061999998986721,0.0202856059520794
2782,0.081265625214049,0.104000002145767,0.0599999986588955,0.0110689069121965
2783,0.0820392158028542,0.118000000715256,0.0560000017285347,0.016147834314865
2784,0.0629339623879993,0.090999998152256,0.0450000017881393,0.0107017019982535
2785,0.0500793651968398,0.063000001013279,0.0419999994337559,0.00441697016766493
2970,0.164330683731502,0.187999993562698,0.142000004649162,0.0110451607135573
2971,0.128700000323631,0.151999995112419,0.105999998748302,0.011017223978128
2972,0.219158783555031,0.232999995350838,0.203999996185303,0.00690407321488522
2973,0.199307125217352,0.224999994039536,0.177000001072884,0.0106625078681229
2974,0.0955291263288954,0.119000002741814,0.0790000036358833,0.00979853628295357
2993,NA,-Inf,Inf,NA
2994,NA,-Inf,Inf,NA
2995,NA,-Inf,Inf,NA
2996,NA,-Inf,Inf,NA
2997,NA,-Inf,Inf,NA
2998,NA,-Inf,Inf,NA
2999,NA,-Inf,Inf,NA
3000,NA,-Inf,Inf,NA
3001,NA,-Inf,Inf,NA
3002,NA,-Inf,Inf,NA
3003,NA,-Inf,Inf,NA
3004,NA,-Inf,Inf,NA
3005,NA,-Inf,Inf,NA
3006,NA,-Inf,Inf,NA
3007,NA,-Inf,Inf,NA
3008,NA,-Inf,Inf,NA
3009,NA,-Inf,Inf,NA
3010,NA,-Inf,Inf,NA
3011,NA,-Inf,Inf,NA
3012,NA,-Inf,Inf,NA
3013,NA,-Inf,Inf,NA
3014,NA,-Inf,Inf,NA
3015,NA,-Inf,Inf,NA
3016,NA,-Inf,Inf,NA
3104,0.10237931038799,0.108000002801418,0.0979999974370003,0.00260360038967152
3110,0.172324323573628,0.178000003099442,0.166999995708466,0.00299122795347845
3112,0.129918516730821,0.13400000333786,0.125,0.00189521637687054
3114,0.155225808101316,0.158000007271767,0.151999995112419,0.00152117976368872
3115,0.0404415585874737,0.0450000017881393,0.0379999987781048,0.0018813038237671
3117,0.122785877054536,0.144999995827675,0.100000001490116,0.00985000206795997
3121,0.101919753224026,0.127000004053116,0.0799999982118607,0.0117393951436382
3123,0.130321780348768,0.13400000333786,0.126000002026558,0.00169295276400303
3125,0.04275000042149,0.046000000089407,0.0399999991059303,0.00160150432532736
3136,0.0966860467438088,0.101000003516674,0.0930000022053719,0.00159603683893667
3141,0.0529166667256504,0.0659999996423721,0.0419999994337559,0.00553584806933493
3145,0.111174311864814,0.118000000715256,0.101999998092651,0.0037708530820213
3405,0.0115116280178691,0.0149999996647239,0.00499999988824129,0.0027170234754572
3406,0.00400000018998981,0.00400000018998981,0.00400000018998981,0
3426,0.171192332917798,0.199000000953674,0.118000000715256,0.0151322761792972
3427,0.169938047285433,0.181999996304512,0.159999996423721,0.00526790998250381
3428,0.160658876862439,0.17399999499321,0.148000001907349,0.00458802406068877
3429,0.145516608971972,0.165999993681908,0.115000002086163,0.0126642316595003
3430,0.179146576654831,0.200000002980232,0.156000003218651,0.0100053903152032
3431,0.145171820012213,0.165000006556511,0.119000002741814,0.0102312915454708
3432,0.1431840770504,0.165999993681908,0.114000000059605,0.0132260292572193
3433,0.115216042231044,0.18299999833107,0.0549999997019768,0.0303517876252116
3434,0.0913191661310368,0.133000001311302,0.0399999991059303,0.0232710826118011
3435,0.117818181487647,0.122000001370907,0.111000001430511,0.00314167651097522
3436,0.0981086955770202,0.100000001490116,0.096000000834465,0.00101605390209966
3437,0.125086246581229,0.138999998569489,0.109999999403954,0.0066325616218387
3438,0.125626087021353,0.156000003218651,0.0979999974370003,0.0117430509970754
3440,0.131675656752712,0.172000005841255,0.100000001490116,0.0176459235046594
3441,0.125238891337378,0.137999996542931,0.109999999403954,0.00554290983101076
3443,0.0973816909688058,0.123999997973442,0.0540000014007092,0.0169098241179846
3444,0.120171792191186,0.135000005364418,0.105999998748302,0.00401550638158853
4150,0.123539820327465,0.190999999642372,0.0439999997615814,0.0365340370100638
12904,0.130021552164536,0.145999997854233,0.112999998033047,0.00726579464748248
12905,0.109915123027196,0.133000001311302,0.0890000015497208,0.0106286339954418
12907,0.107633280334288,0.14300000667572,0.0820000022649765,0.00975451721696931
12908,0.12735380800793,0.179000005125999,0.103000000119209,0.0174868422003323
12909,0.105603658674292,0.123000003397465,0.0820000022649765,0.00825948373642711
12910,0.0761538851934774,0.0850000008940697,0.0689999982714653,0.00354534113945177
12911,0.0856345905516641,0.0920000001788139,0.0790000036358833,0.00274011528988898
12912,0.0738607331876355,0.0810000002384186,0.0649999976158142,0.00329131989729176
12914,0.0920558414729223,0.105999998748302,0.0790000036358833,0.00631069609005138
12915,0.0778591347543992,0.0920000001788139,0.0659999996423721,0.00545997741994128
12918,0.0621095890817169,0.068000003695488,0.0579999983310699,0.0023044163376597
12919,0.0590076915251139,0.0599999986588955,0.0570000000298023,0.000864877240322871
12920,0.061061016861665,0.0640000030398369,0.0579999983310699,0.00148335693883319
12921,0.0668653142380758,0.0710000023245811,0.063000001013279,0.00180938619037998
12922,0.0586173464829216,0.0610000006854534,0.0540000014007092,0.00157000315009877
12923,0.0781163412343122,0.0890000015497208,0.068000003695488,0.00446554802750262
12924,0.0919688623643921,0.108999997377396,0.0799999982118607,0.00642566707407054
12925,0.068594238028771,0.0759999975562096,0.0610000006854534,0.00351385514404717
12926,0.185436363692407,0.20100000500679,0.168999999761581,0.00701536452303541
12927,0.15544057152101,0.181999996304512,0.12899999320507,0.0111537751073469
12928,0.183913000002503,0.209000006318092,0.152999997138977,0.0124476653058468
12930,0.069098139273132,0.0759999975562096,0.0649999976158142,0.00244058470447802
12931,0.0631350216766198,0.0649999976158142,0.0610000006854534,0.00117112043497344
16837,0.125316418006794,0.141000002622604,0.101999998092651,0.00964007879770452
16838,0.103277227666118,0.108000002801418,0.0970000028610229,0.00251840716345782
16839,0.119760416680947,0.123000003397465,0.115000002086163,0.00193985823720191
16840,0.100175989245409,0.115000002086163,0.0850000008940697,0.00662627414838411
16841,0.127098055631888,0.138999998569489,0.111000001430511,0.00680817815009102
16842,0.109559251797113,0.12899999320507,0.0820000022649765,0.0103458973353079
16843,0.114556873980221,0.138999998569489,0.0790000036358833,0.0158021024349192
16844,0.118763717112288,0.130999997258186,0.101000003516674,0.00725493727586507
16845,0.132493869261943,0.136999994516373,0.128000006079674,0.00181130257380987
21969,0.0491060948264249,0.0560000017285347,0.0399999991059303,0.00350501056239434
21970,0.0443125008605421,0.046000000089407,0.0430000014603138,0.000859013103959936
21971,0.0413782053316633,0.0450000017881393,0.0390000008046627,0.00118235952552643
21972,0.0469717314012691,0.0509999990463257,0.0419999994337559,0.00227207328130812
21973,0.0463862817882416,0.0520000010728836,0.0419999994337559,0.00253502081766719
37021,0.0356910416489006,0.0810000002384186,0.0109999999403954,0.0146019543287435
40276,0.0721401701143319,0.096000000834465,0.046000000089407,0.0121856869858153
40277,0.118061433574852,0.127000004053116,0.108000002801418,0.00404764948873659
40278,0.0592846715156614,0.0670000016689301,0.0520000010728836,0.00346611505862467
40279,0.0684843752268617,0.0930000022053719,0.0439999997615814,0.010337259432321
40280,0.0360273398110324,0.0489999987185001,0.0240000002086163,0.00586508750881117
40281,0.0783787154282728,0.0989999994635582,0.0549999997019768,0.0116505173506066
40282,0.0781633397614999,0.0970000028610229,0.0599999986588955,0.010037683359833
40283,0.0454239034424924,0.0810000002384186,0.025000000372529,0.0119292879573896
40284,0.101392188954392,0.114000000059605,0.0879999995231628,0.00646104362759782
40285,0.0435821657632567,0.0599999986588955,0.0320000015199184,0.00686150806168245
40286,0.053629901935803,0.0659999996423721,0.0439999997615814,0.00463273139581026
40287,0.0213755009115877,0.034000001847744,0.0109999999403954,0.00479485643803364
40288,0.112357506410008,0.131999999284744,0.0930000022053719,0.00903669382094162
40542,0.0536250004079193,0.0549999997019768,0.0520000010728836,0.000936834897088968
40543,0.056214286546622,0.0570000000298023,0.0549999997019768,0.000699293014037014
40544,0.0571594203187936,0.0590000003576279,0.0549999997019768,0.00126750282884286
40545,0.061106666525205,0.0640000030398369,0.0579999983310699,0.00140539130544363
40546,0.0580561796014898,0.0610000006854534,0.0560000017285347,0.00133450261036274
40547,0.0514109590384242,0.0529999993741512,0.0500000007450581,0.000910366557392506
40548,0.0575813951707164,0.0599999986588955,0.0529999993741512,0.00185005585824129
40549,0.0549552247706634,0.0570000000298023,0.0529999993741512,0.00103620580776876
40550,0.0524909091944044,0.0540000014007092,0.0509999990463257,0.00106931539931051
40551,0.0498536581673273,0.0520000010728836,0.0469999983906746,0.0011452744210068
40552,0.0648500003541509,0.0670000016689301,0.063000001013279,0.00107414132971197
40553,0.055032258432719,0.0560000017285347,0.0540000014007092,0.000604641710283268
40554,0.0530963859195451,0.0560000017285347,0.0500000007450581,0.00149482421056564
40555,0.0571944443508983,0.0590000003576279,0.0560000017285347,0.000855884316058067
40556,0.051787878753561,0.0529999993741512,0.0500000007450581,0.000920119607139459
40557,0.0617977528089888,0.0640000030398369,0.0599999986588955,0.00100204128079684
40558,0.0588252421794007,0.0610000006854534,0.0570000000298023,0.00122416192937853
40700,0.0688088520276501,0.090999998152256,0.046000000089407,0.0131395942358563
40701,0.0479599997401238,0.0500000007450581,0.0439999997615814,0.00156737571757518
40702,0.0935212266455703,0.105999998748302,0.0799999982118607,0.00547427544315366
40703,0.103885279795581,0.122000001370907,0.0920000001788139,0.00600821605171993
40704,0.0609445302691225,0.0750000029802322,0.0450000017881393,0.00693698978350363
40705,0.0891086558295109,0.0979999974370003,0.0740000009536743,0.0049693232098924
40706,0.0783004752955357,0.090999998152256,0.0670000016689301,0.00501448330829143
40707,0.120314910986434,0.141000002622604,0.0769999995827675,0.0144108322299215
40772,0.0153668301509658,0.025000000372529,0.00800000037997961,0.0032536575584121
40776,0.0155595630040911,0.0179999992251396,0.0140000004321337,0.000816611190352809
40777,0.0156736845836828,0.017000000923872,0.0149999996647239,0.000534792284234857
41750,0.136910179903184,0.166999995708466,0.114000000059605,0.0141765544947419
41751,0.177644336158262,0.184000000357628,0.170000001788139,0.00298495239549317
41752,0.153656427957228,0.165999993681908,0.141000002622604,0.00529712228525628
41753,0.108226604909511,0.133000001311302,0.0839999988675117,0.0134160789981012
41754,0.0636748719712098,0.0930000022053719,0.046000000089407,0.0118186996365175
41755,0.0871592106444663,0.131999999284744,0.0520000010728836,0.0218474492565225
41756,0.110836418165422,0.170000001788139,0.0529999993741512,0.0281711505311249
41757,0.115335616627581,0.166999995708466,0.0759999975562096,0.0233365766964443
41758,0.152316555122468,0.177000001072884,0.123000003397465,0.0132829237328235
41759,0.140902439185551,0.156000003218651,0.123999997973442,0.00810652277202922
41760,0.136272165302149,0.150000005960464,0.116999998688698,0.00815387674718001
41761,0.163487356524358,0.172000005841255,0.152999997138977,0.00451074124014209
41762,0.0752910851479921,0.0939999967813492,0.0599999986588955,0.00824895651568353
41763,0.173721172239469,0.186000004410744,0.158000007271767,0.00728113314072634
41764,0.138553738646279,0.163000002503395,0.100000001490116,0.0144825342749176
41765,0.165890909460458,0.171000003814697,0.159999996423721,0.0028176990555757
41766,0.159428571494929,0.168999999761581,0.146999999880791,0.00544288546767012
41767,0.16330552165128,0.17399999499321,0.137999996542931,0.00826976573602661
41768,0.0759069377055325,0.0900000035762787,0.061999998986721,0.00655813324014068
41769,0.103769760988094,0.127000004053116,0.0829999968409538,0.0107177764318249
41770,0.17251703748972,0.178000003099442,0.163000002503395,0.00296776800988495
41771,0.17867391331153,0.190999999642372,0.152999997138977,0.00773622023112704
42180,0.129321429612381,0.144999995827675,0.115000002086163,0.00646615089942892
42181,0.132435897604013,0.137999996542931,0.127000004053116,0.00262153972625501
42182,0.146624999120831,0.148000001907349,0.144999995827675,0.00118773734617907
42183,0.110368421137856,0.123999997973442,0.090999998152256,0.00887600227934811
42184,0.0528500000635783,0.0700000002980232,0.0439999997615814,0.00624859330030787
42185,0.145962962581788,0.152999997138977,0.137999996542931,0.00404488677434134
42189,0.158344371133293,0.167999997735023,0.135000005364418,0.00855651482534491
42195,0.13783636517597,0.14300000667572,0.133000001311302,0.00275701046116941
42197,0.0571917809852182,0.0719999969005585,0.0439999997615814,0.00795413526703679
42200,0.140379845287449,0.146999999880791,0.130999997258186,0.00395322936215
42201,0.0948666661268189,0.0989999994635582,0.0930000022053719,0.00137327991835393
47067,0.135256100173404,0.137999996542931,0.131999999284744,0.00142127394380653
47068,0.12443697602809,0.129999995231628,0.119000002741814,0.00248602518390533
47071,0.152766666313012,0.159999996423721,0.146999999880791,0.00332890620142462
47072,0.0959523809807641,0.10700000077486,0.0850000008940697,0.00615630653370184
47073,0.0729147290247817,0.0839999988675117,0.0560000017285347,0.00676506547793883
47074,0.0837543861864254,0.0949999988079071,0.0689999982714653,0.00617994304867217
47075,0.147809522847335,0.152999997138977,0.14300000667572,0.00257793740598719
47078,0.126321739217509,0.131999999284744,0.119999997317791,0.00290053639122942
47079,0.0967935781686678,0.112000003457069,0.0799999982118607,0.0085106902556331
47080,0.0939729709077526,0.0949999988079071,0.0930000022053719,0.00055209023158681
47083,0.143465346924149,0.146999999880791,0.140000000596046,0.0017467907657391
47085,0.145818181335926,0.151999995112419,0.141000002622604,0.00352725814735757
47086,0.0761392406553407,0.090999998152256,0.0610000006854534,0.00806978219711586
47087,0.134561645249798,0.138999998569489,0.128000006079674,0.00262459647656232
47088,0.126935184726285,0.13400000333786,0.114000000059605,0.00451101563247018
47089,0.137662577665657,0.142000004649162,0.133000001311302,0.00226137841789691
47090,0.160017242462471,0.165999993681908,0.152999997138977,0.00364903882313615
47585,0.130407725920493,0.144999995827675,0.116999998688698,0.00738540813805248
47586,0.12024148632037,0.138999998569489,0.100000001490116,0.0099097112134948
47587,0.110571310986739,0.136000007390976,0.0930000022053719,0.00873694608433383
47588,0.0962464789794364,0.108000002801418,0.0829999968409538,0.00520704053861532
47589,0.0889371674234113,0.10700000077486,0.0769999995827675,0.00582960722417178
47678,0.00515385124631732,0.0219999998807907,0.00100000004749745,0.00458028459039233
47679,0.00481032158156089,0.0140000004321337,0.0020000000949949,0.00142058534200798
48357,0.0610460528527926,0.0799999982118607,0.0410000011324883,0.00904344773977425
48358,0.183500001579523,0.187000006437302,0.179000005125999,0.00234925357457052
48359,0.113882530353455,0.148000001907349,0.0790000036358833,0.0164070294670122
48360,0.144589672175763,0.162000000476837,0.120999999344349,0.0105762986312153
48361,0.0727143630739422,0.11599999666214,0.0520000010728836,0.0144612580279166
48362,0.0736634750199465,0.0939999967813492,0.0590000003576279,0.00798063472545294
48363,0.0794414127093066,0.108000002801418,0.0500000007450581,0.0174747227352522
48364,0.180564209425707,0.190999999642372,0.168999999761581,0.00387587721094001
48365,0.0912914341298284,0.128000006079674,0.0649999976158142,0.0152778879962916
48366,0.102594632997393,0.136999994516373,0.0659999996423721,0.0169171190608041
48367,0.127208803546953,0.148000001907349,0.10700000077486,0.0100029862946593
48368,0.162041345263513,0.180999994277954,0.12899999320507,0.0103337281507372
48369,0.184777511987817,0.196999996900558,0.158999994397163,0.0101215735433174
48370,0.0871109035852542,0.115000002086163,0.0719999969005585,0.009094278270102
48371,0.145458332573374,0.149000003933907,0.141000002622604,0.00204257233175949
48372,0.178333333560399,0.18299999833107,0.171000003814697,0.00316754372815565
48373,0.178893575566999,0.19200000166893,0.144999995827675,0.00650735470685775
48374,0.101424986020663,0.129999995231628,0.0759999975562096,0.0122685113927278
48375,0.176008286531848,0.193000003695488,0.158999994397163,0.0085943195018964
48376,0.0795322579564131,0.096000000834465,0.0649999976158142,0.00532926628882815
48377,0.10187273520761,0.123999997973442,0.0799999982118607,0.0118468768398221
48378,0.152047618514016,0.155000001192093,0.148000001907349,0.00222432312022926
48379,0.180585366560192,0.184000000357628,0.178000003099442,0.00153257001610635
48380,0.0894570313269339,0.109999999403954,0.0729999989271164,0.00815040341992958
48381,0.132542449474379,0.190999999642372,0.10700000077486,0.016267462528782
48382,0.184142857789993,0.185000002384186,0.18299999833107,0.00069006695780018
51325,0.0423713355880316,0.0640000030398369,0.0329999998211861,0.007506966330156
51326,0.0817341086794009,0.152999997138977,0.0359999984502792,0.0275306234443884
51327,0.0343828659663966,0.0900000035762787,0.0130000002682209,0.0111644984329512
51328,0.0326363641881581,0.034000001847744,0.0309999994933605,0.00065279087910459
51329,0.0264022682333369,0.0740000009536743,0.00800000037997961,0.0144232560244392
51330,0.161595019842663,0.209000006318092,0.10700000077486,0.0232186871025401
51331,0.0668412568477144,0.187000006437302,0.0280000008642673,0.0263516614937735
51332,0.164097436192708,0.202999994158745,0.128000006079674,0.0162937602736083
61033,0.0415637584140637,0.0529999993741512,0.0329999998211861,0.00497333724319562
61135,NA,-Inf,Inf,NA
61165,NA,-Inf,Inf,NA
65246,0.168622221218215,0.170000001788139,0.166999995708466,0.000773866968379472
65268,0.163239291093869,0.168999999761581,0.146999999880791,0.00554448999805714
65698,0.0771213592690172,0.0949999988079071,0.068000003695488,0.00607191297243824
65699,0.116945719561767,0.178000003099442,0.0740000009536743,0.0235747865914007
65700,0.102655660519201,0.137999996542931,0.0820000022649765,0.0115041082693451
65701,0.0889326924314866,0.101999998092651,0.0790000036358833,0.005465350238788
65702,0.180492307933477,0.196999996900558,0.166999995708466,0.00636016345547149
65703,0.106677966202888,0.126000002026558,0.0850000008940697,0.00940846580640271
65704,0.0930424529426503,0.108999997377396,0.0820000022649765,0.00652200637697233
65705,0.143592771169651,0.160999998450279,0.119999997317791,0.00855897501688767
65706,0.197474761130377,0.234999999403954,0.165000006556511,0.0162943713169945
65707,0.143937111988386,0.184000000357628,0.112999998033047,0.0183249165165056
65708,0.0779016068930846,0.10700000077486,0.0670000016689301,0.00942877316132273
65709,0.033299329995066,0.0489999987185001,0.0209999997168779,0.00706894237910757
65710,0.0611338668266932,0.096000000834465,0.0359999984502792,0.0137654425270432
67154,0.0425000004470348,0.0430000014603138,0.0419999994337559,0.000707108214179397
68783,0.0359504069723059,0.061999998986721,0.0209999997168779,0.00839161747302095
68784,0.145349940478629,0.204999998211861,0.0850000008940697,0.0248890902406377
68805,0.0502783583887199,0.108000002801418,0.0140000004321337,0.0210505741527824
69549,0.0887481285099757,0.135000005364418,0.046000000089407,0.0230209896297488
69550,0.113457142918829,0.13400000333786,0.0979999974370003,0.00810151815646635
1013699,0.0570167240429614,0.131999999284744,0.0130000002682209,0.0330055816347389
1013700,0.00494041630866012,0.0240000002086163,0.00100000004749745,0.00447667273402337
1013701,9.89875156231737e-05,0.0020000000949949,0,0.000300369001126463
1013702,0.0003811692600101,0.00400000018998981,0,0.000718597966803933
1013703,0.0187985152344183,0.0820000022649765,0.0020000000949949,0.0160476301963038
1013704,0.0630963235400026,0.128000006079674,0.0109999999403954,0.0320127762450696
1013705,0.0167109704908487,0.0320000015199184,0.00800000037997961,0.00525634386961444
1013706,0.00419606145549484,0.0189999993890524,0,0.00403289396423411
1013707,0,0,0,0
